,fold,iou,precision,recall,f1
0,1,0.29637365317658376,0.36116344442493037,0.6989615653690538,0.44754953211859655
1,2,0.28730409357108566,0.3377840479737834,0.7067316535272097,0.43203632376695933
2,3,0.2768858853531511,0.3412569505407622,0.5603188499808311,0.4011072655649562
3,4,0.28109298097459895,0.3103788687210334,0.7880898886605313,0.4233760543559727
4,5,0.0,0.0,0.0,0.0
