,fold,iou,precision,recall,f1
0,1,0.09632911180195056,0.13899952604582436,0.15774239815379443,0.13372936060554103
1,2,0.0,0.0,0.0,0.0
2,3,0.0008279361186156932,0.10526315789473684,0.0008279361186156932,0.0016348028285919052
3,4,0.29132087793397277,0.32762338828883675,0.6949054285099632,0.425142747595122
4,5,0.0,0.0,0.0,0.0
