,fold,iou,precision,recall,f1
0,1,0.28505155797067444,0.3326982126424187,0.6823267732795916,0.4231933061229555
1,2,0.2817057898562205,0.3375347117452245,0.6365166792744085,0.4169706517928525
2,3,0.27760881342385946,0.36659179314186696,0.5494141633573332,0.4131763261791907
3,4,0.0,0.0,0.0,0.0
4,5,0.2933283652129926,0.34002386817806646,0.7439711940915961,0.44093726026384455
