,fold,iou,precision,recall,f1
0,1,0.23160219466999957,0.2508584978549104,0.7436468554170508,0.3580630139300698
1,2,0.2681615062450108,0.337118085277708,0.5679069349640294,0.3994516212689249
2,3,0.2403605694049283,0.3308253633348565,0.5204527264362887,0.36675564709462616
3,4,0.0,0.0,0.0,0.0
4,5,0.0,0.0,0.0,0.0
