fold,iou,precision,recall,f1
1,0.371718,0.534015,0.482342,0.495250
2,0.347021,0.466240,0.550036,0.485437
3,0.361362,0.445651,0.599009,0.494177
4,0.308894,0.437499,0.468125,0.436774
5,0.370409,0.485980,0.490346,0.477995
