fold,dice,precision,recall,f1,fpr
1,0.605263,0.736842,0.554386,0.605263,0.000155
2,0.359649,0.421053,0.333333,0.359649,0.000000
3,0.626316,0.789474,0.567544,0.626316,0.000207
4,0.254386,0.315789,0.228070,0.254386,0.000000
5,0.157895,0.157895,0.157895,0.157895,0.000000
