,fold,iou,precision,recall,f1
0,1,0.2988869056479368,0.34627118508490784,0.6642946452270017,0.42887384101969045
1,2,0.30548847692185327,0.35872321977819266,0.6772737895187578,0.4413192646675988
2,3,0.10147543878931749,0.1105539249746423,0.3387023257581811,0.15922511133708453
3,4,0.018400068737958606,0.1440065326659303,0.019976767662324403,0.03242917554943185
4,5,0.28392375966435984,0.3270587080991582,0.6422854693312394,0.4131116237687437
