,fold,dice,precision,recall,f1,fpr
0,1,0.0006526851274175745,0.00032735886461372673,0.10526315789473684,0.0006526851274175745,0.241041529931452
1,2,0.0038031840451605483,0.0019191655797502947,0.3640350877192982,0.0038031840451605483,0.23109597357342668
2,3,0.0020987386174778104,0.0010534776280751066,0.2894736842105263,0.0020987386174778104,0.2285072268827105
3,4,0.0026542033481039063,0.0013367637154686216,0.3017543859649122,0.0026542033481039063,0.2393279102407582
4,5,0.002077929703941764,0.0010516900658629454,0.14736842105263157,0.002077929703941764,0.2282760171764362
