,fold,iou,precision,recall,f1
0,1,0.2799731379276828,0.41585178320345123,0.4565650844260266,0.40316031559517507
1,2,0.2796451757220845,0.41776080272699656,0.44464562617634473,0.4029776024583139
2,3,0.2671439086920337,0.3789991916794526,0.48191038323076146,0.39216305119426625
3,4,0.27730293395487887,0.44164684944246946,0.394207490902198,0.3926518430051051
4,5,0.28124697506427765,0.40701978830130475,0.4579439704355441,0.40444401847688777
