,fold,iou,precision,recall,f1
0,1,0.13616419348277545,0.19724618878803754,0.335321611479709,0.2012334842430918
1,2,0.0,0.0,0.0,0.0
2,3,0.13217687116641746,0.14999598303907796,0.3080294171446248,0.19403156834213356
3,4,0.2851672699723981,0.35597262232515375,0.5689552596917278,0.4139590500118701
4,5,0.28342000183061156,0.3288557335832401,0.6495705450835981,0.4148342463334924
