fold,dice,precision,recall,f1,fpr
1,0.580000,0.720000,0.540000,0.580000,0.000200
2,0.340000,0.400000,0.320000,0.340000,0.000100
3,0.600000,0.770000,0.550000,0.600000,0.000300
4,0.230000,0.300000,0.200000,0.230000,0.000000
5,0.140000,0.140000,0.140000,0.140000,0.000000
