,fold,dice,precision,recall,f1,fpr
0,1,0.625,0.7894736842105263,0.5172413793103449,0.625,0.21052631578947367
1,2,0.625,0.7894736842105263,0.5172413793103449,0.625,0.21052631578947367
2,3,0.625,0.7894736842105263,0.5172413793103449,0.625,0.21052631578947367
3,4,0.625,0.7894736842105263,0.5172413793103449,0.625,0.21052631578947367
4,5,0.625,0.7894736842105263,0.5172413793103449,0.625,0.21052631578947367
