,fold,dice,precision,recall,f1,fpr
0,1,0.3333333333333333,0.2236842105263158,0.6538461538461539,0.3333333333333333,3.1052631578947367
1,2,0.3333333333333333,0.2236842105263158,0.6538461538461539,0.3333333333333333,3.1052631578947367
2,3,0.3333333333333333,0.2236842105263158,0.6538461538461539,0.3333333333333333,3.1052631578947367
3,4,0.3333333333333333,0.2236842105263158,0.6538461538461539,0.3333333333333333,3.1052631578947367
4,5,0.3333333333333333,0.2236842105263158,0.6538461538461539,0.3333333333333333,3.1052631578947367
