,fold,dice,precision,recall,f1,fpr
0,1,0.6263157894736843,0.7894736842105263,0.5675438596491228,0.6263157894736843,0.00020716160805592956
1,2,0.6263157894736843,0.7894736842105263,0.5675438596491228,0.6263157894736843,0.00020716160805592956
2,3,0.6263157894736843,0.7894736842105263,0.5675438596491227,0.6263157894736843,0.00020716160805592956
3,4,0.25438596491228066,0.3684210526315789,0.21228070175438596,0.25438596491228066,0.0
4,5,0.19298245614035087,0.21052631578947367,0.18421052631578946,0.19298245614035087,0.0
