,fold,dice,precision,recall,f1,fpr
0,1,0.22099447513812154,0.13157894736842105,0.6896551724137931,0.22099447513812154,6.947368421052632
1,2,0.20994475138121546,0.125,0.6551724137931034,0.20994475138121546,7.0
2,3,0.22099447513812154,0.13157894736842105,0.6896551724137931,0.22099447513812154,6.947368421052632
3,4,0.22099447513812154,0.13157894736842105,0.6896551724137931,0.22099447513812154,6.947368421052632
4,5,0.20994475138121546,0.125,0.6551724137931034,0.20994475138121546,7.0
