,fold,dice,precision,recall,f1,fpr
0,1,0.5176470588235295,0.38596491228070173,0.7857142857142857,0.5176470588235293,4.631578947368421
1,2,0.5176470588235295,0.38596491228070173,0.7857142857142857,0.5176470588235293,4.631578947368421
2,3,0.5176470588235295,0.38596491228070173,0.7857142857142857,0.5176470588235293,4.631578947368421
3,4,0.4656084656084656,0.3308270676691729,0.7857142857142857,0.4656084656084656,4.631578947368421
4,5,0.5295950155763239,0.40669856459330145,0.7589285714285714,0.529595015576324,4.473684210526316
