,fold,dice,precision,recall,f1,fpr
0,1,0.00734381291991497,0.003726233656240016,0.5287878787878788,0.00734381291991497,0.24112280831571922
1,2,0.010913598203189224,0.005548631950203786,0.7113465481886534,0.010913598203189224,0.2280145864168631
2,3,0.008151846791566334,0.004141421022657555,0.5079175210754159,0.008151846791566334,0.2290182616409188
3,4,0.010158095998816249,0.005155713716900688,0.6957051720209615,0.01015809599881625,0.23486698619994478
4,5,0.003544288679259736,0.0018209821839946768,0.08691045796308954,0.003544288679259736,0.23244696826556965
