,fold,dice,precision,recall,f1,fpr
0,1,0.014388489208633094,0.010416666666666666,0.023255813953488372,0.014388489208633094,5.0
1,2,0.0070921985815602835,0.004149377593360996,0.024390243902439025,0.0070921985815602835,12.631578947368421
2,3,0.0,0.0,0.0,0.0,0.0
3,4,0.0078125,0.004651162790697674,0.024390243902439025,0.0078125,11.263157894736842
4,5,0.0,0.0,0.0,0.0,0.0
