,fold,iou,precision,recall,f1
0,1,0.262582621390098,0.3906876598729899,0.46987224291814,0.39890916076929944
1,2,0.26123252079675074,0.40950724639390645,0.448882342953431,0.39992582190193626
2,3,0.24702995113636317,0.3845175245874806,0.40973678623375137,0.37141980544516917
3,4,0.25841651670634747,0.3915395538175577,0.44804225901239797,0.3909568682705101
4,5,0.2600443145309232,0.39350001038493293,0.448959936240786,0.3924263938281097
