,fold,iou,precision,recall,f1
0,1,0.14434847132743975,0.3126132313750292,0.24561143078302083,0.24091773852705956
1,2,0.23023426442063952,0.32729949601190655,0.41143838404432725,0.3430616488974345
2,3,0.21589180650679687,0.33553089907294825,0.39877892285585403,0.3349884277895877
3,4,0.17090513086632678,0.2730827340366025,0.3568882565749319,0.2704554956994559
4,5,0.20686215652447,0.37260303214976664,0.33883550684703023,0.31561279296875
