fold,iou,precision,recall,f1
1,0.050123,0.300456,0.350789,0.370987
2,0.220345,0.040567,0.020678,0.370123
3,0.440789,0.320890,0.360123,0.080567
4,0.300234,0.060789,0.330456,0.310789
5,0.010456,0.270567,0.090789,0.340123
